query_id,query,expected_scenario,expected_variable,expected_year_range,expected_file_path,predicted_scenario,predicted_variable,predicted_year_range,predicted_file_path,scenario_match,variable_match,year_range_match,file_path_match,success,error
1,I would like to see the near-surface air temperature data corresponding to the ssp119 CO2 emissions scenario for the period from January 2015 to December 2050.,ssp119,tas,201501-205012,/cmip6/CMIP6/ScenarioMIP/NASA-GISS/GISS-E2-1-G/ssp119/r3i1p1f2/Amon/tas/gn/v20200115/tas_Amon_GISS-E2-1-G_ssp119_r3i1p1f2_gn_201501-205012.nc,ssp119,tas,201501-205012,,True,True,True,False,True,
2,Please display the near-surface air temperature data for the ssp119 CO2 emissions scenario covering the timeframe 201501-205012.,ssp119,tas,201501-205012,/cmip6/CMIP6/ScenarioMIP/NASA-GISS/GISS-E2-1-G/ssp119/r3i1p1f2/Amon/tas/gn/v20200115/tas_Amon_GISS-E2-1-G_ssp119_r3i1p1f2_gn_201501-205012.nc,ssp119,tas,201501-205012,,True,True,True,False,True,
3,Could you provide me with the near-surface air temperature data linked to the ssp119 CO2 emissions scenario for the period spanning 201501 to 205012?,ssp119,tas,201501-205012,/cmip6/CMIP6/ScenarioMIP/NASA-GISS/GISS-E2-1-G/ssp119/r3i1p1f2/Amon/tas/gn/v20200115/tas_Amon_GISS-E2-1-G_ssp119_r3i1p1f2_gn_201501-205012.nc,ssp119,tas,201501-205012,,True,True,True,False,True,
0,Show me near-surface air temperature data for a ssp119 CO2 emissions scenario for 201501-205012,ssp119,tas,201501-205012,/cmip6/CMIP6/ScenarioMIP/NASA-GISS/GISS-E2-1-G/ssp119/r3i1p1f2/Amon/tas/gn/v20200115/tas_Amon_GISS-E2-1-G_ssp119_r3i1p1f2_gn_201501-205012.nc,ssp119,tas,201501-205012,,True,True,True,False,True,
4,I am interested in examining the near-surface air temperature data associated with the ssp119 CO2 emissions scenario from January 2015 to December 2050.,ssp119,tas,201501-205012,/cmip6/CMIP6/ScenarioMIP/NASA-GISS/GISS-E2-1-G/ssp119/r3i1p1f2/Amon/tas/gn/v20200115/tas_Amon_GISS-E2-1-G_ssp119_r3i1p1f2_gn_201501-205012.nc,ssp119,tas,201501-205012,,True,True,True,False,True,
5,Show me the near-surface air temperature data relating to the ssp119 CO2 emissions scenario throughout the period 201501-205012.,ssp119,tas,201501-205012,/cmip6/CMIP6/ScenarioMIP/NASA-GISS/GISS-E2-1-G/ssp119/r3i1p1f2/Amon/tas/gn/v20200115/tas_Amon_GISS-E2-1-G_ssp119_r3i1p1f2_gn_201501-205012.nc,ssp119,tas,201501-205012,,True,True,True,False,True,
6,I'd like to view the near-surface air temperature data for the ssp119 CO2 emissions scenario concerning the time range 201501-205012.,ssp119,tas,201501-205012,/cmip6/CMIP6/ScenarioMIP/NASA-GISS/GISS-E2-1-G/ssp119/r3i1p1f2/Amon/tas/gn/v20200115/tas_Amon_GISS-E2-1-G_ssp119_r3i1p1f2_gn_201501-205012.nc,ssp119,tas,201501-205012,,True,True,True,False,True,
7,Kindly show me the near-surface air temperature data for the 201501-205012 period regarding the ssp119 CO2 emissions scenario.,ssp119,tas,201501-205012,/cmip6/CMIP6/ScenarioMIP/NASA-GISS/GISS-E2-1-G/ssp119/r3i1p1f2/Amon/tas/gn/v20200115/tas_Amon_GISS-E2-1-G_ssp119_r3i1p1f2_gn_201501-205012.nc,ssp119,tas,201501-205012,,True,True,True,False,True,
8,Share with me the near-surface air temperature data corresponding to the ssp119 CO2 emissions scenario for the timeframe 201501-205012.,ssp119,tas,201501-205012,/cmip6/CMIP6/ScenarioMIP/NASA-GISS/GISS-E2-1-G/ssp119/r3i1p1f2/Amon/tas/gn/v20200115/tas_Amon_GISS-E2-1-G_ssp119_r3i1p1f2_gn_201501-205012.nc,ssp119,tas,201501-205012,,True,True,True,False,True,
9,I'm seeking the near-surface air temperature data available for the ssp119 CO2 emissions scenario for the period starting from January 2015 to December 2050.,ssp119,tas,201501-205012,/cmip6/CMIP6/ScenarioMIP/NASA-GISS/GISS-E2-1-G/ssp119/r3i1p1f2/Amon/tas/gn/v20200115/tas_Amon_GISS-E2-1-G_ssp119_r3i1p1f2_gn_201501-205012.nc,ssp119,tas,201501-205012,,True,True,True,False,True,
10,Show me near-surface air temperature data for a ssp119 CO2 emissions scenario for 205101-210012,ssp119,tas,205101-210012,/cmip6/CMIP6/ScenarioMIP/NASA-GISS/GISS-E2-1-G/ssp119/r3i1p1f2/Amon/tas/gn/v20200115/tas_Amon_GISS-E2-1-G_ssp119_r3i1p1f2_gn_205101-210012.nc,ssp119,tas,205101-210012,,True,True,True,False,True,
11,Display the near-surface air temperature data pertaining to the ssp119 CO2 emissions scenario for the period 205101-210012.,ssp119,tas,205101-210012,/cmip6/CMIP6/ScenarioMIP/NASA-GISS/GISS-E2-1-G/ssp119/r3i1p1f2/Amon/tas/gn/v20200115/tas_Amon_GISS-E2-1-G_ssp119_r3i1p1f2_gn_205101-210012.nc,ssp119,tas,205101-210012,,True,True,True,False,True,
13,Could you provide me with the near-surface air temperature data associated with the ssp119 CO2 emissions scenario from 205101 to 210012?,ssp119,tas,205101-210012,/cmip6/CMIP6/ScenarioMIP/NASA-GISS/GISS-E2-1-G/ssp119/r3i1p1f2/Amon/tas/gn/v20200115/tas_Amon_GISS-E2-1-G_ssp119_r3i1p1f2_gn_205101-210012.nc,ssp119,tas,205101-210012,,True,True,True,False,True,
12,I need the near-surface air temperature data for the ssp119 CO2 emissions scenario between 205101 and 210012.,ssp119,tas,205101-210012,/cmip6/CMIP6/ScenarioMIP/NASA-GISS/GISS-E2-1-G/ssp119/r3i1p1f2/Amon/tas/gn/v20200115/tas_Amon_GISS-E2-1-G_ssp119_r3i1p1f2_gn_205101-210012.nc,ssp119,tas,205101-210012,,True,True,True,False,True,
14,Please show me the near-surface air temperature data for the period 205101-210012 under the ssp119 CO2 emissions scenario.,ssp119,tas,205101-210012,/cmip6/CMIP6/ScenarioMIP/NASA-GISS/GISS-E2-1-G/ssp119/r3i1p1f2/Amon/tas/gn/v20200115/tas_Amon_GISS-E2-1-G_ssp119_r3i1p1f2_gn_205101-210012.nc,ssp119,tas,205101-210012,,True,True,True,False,True,
15,I'm looking for the near-surface air temperature data corresponding to the ssp119 CO2 emissions scenario covering 205101-210012.,ssp119,tas,205101-210012,/cmip6/CMIP6/ScenarioMIP/NASA-GISS/GISS-E2-1-G/ssp119/r3i1p1f2/Amon/tas/gn/v20200115/tas_Amon_GISS-E2-1-G_ssp119_r3i1p1f2_gn_205101-210012.nc,ssp119,tas,205101-210012,,True,True,True,False,True,
17,Show me the near-surface air temperature data relevant to the ssp119 CO2 emissions scenario for the time frame 205101-210012.,ssp119,tas,205101-210012,/cmip6/CMIP6/ScenarioMIP/NASA-GISS/GISS-E2-1-G/ssp119/r3i1p1f2/Amon/tas/gn/v20200115/tas_Amon_GISS-E2-1-G_ssp119_r3i1p1f2_gn_205101-210012.nc,ssp119,tas,205101-210012,,True,True,True,False,True,
16,Could you present the near-surface air temperature data for the ssp119 CO2 emissions scenario during 205101-210012?,ssp119,tas,205101-210012,/cmip6/CMIP6/ScenarioMIP/NASA-GISS/GISS-E2-1-G/ssp119/r3i1p1f2/Amon/tas/gn/v20200115/tas_Amon_GISS-E2-1-G_ssp119_r3i1p1f2_gn_205101-210012.nc,ssp119,tas,205101-210012,,True,True,True,False,True,
18,Please display the near-surface air temperature data for the ssp119 CO2 emissions scenario for the interval 205101 to 210012.,ssp119,tas,205101-210012,/cmip6/CMIP6/ScenarioMIP/NASA-GISS/GISS-E2-1-G/ssp119/r3i1p1f2/Amon/tas/gn/v20200115/tas_Amon_GISS-E2-1-G_ssp119_r3i1p1f2_gn_205101-210012.nc,ssp119,tas,205101-210012,,True,True,True,False,True,
19,Show me near-surface air temperature data for a ssp119 CO2 emissions scenario for 205101-210012,ssp119,tas,205101-210012,/cmip6/CMIP6/ScenarioMIP/NASA-GISS/GISS-E2-1-G/ssp119/r3i1p1f2/Amon/tas/gn/v20200115/tas_Amon_GISS-E2-1-G_ssp119_r3i1p1f2_gn_205101-210012.nc,ssp119,tas,205101-210012,,True,True,True,False,True,
20,Show me near-surface air temperature data for a ssp119 CO2 emissions scenario for 210101-215012,ssp119,tas,210101-215012,/cmip6/CMIP6/ScenarioMIP/NASA-GISS/GISS-E2-1-G/ssp119/r3i1p1f2/Amon/tas/gn/v20200115/tas_Amon_GISS-E2-1-G_ssp119_r3i1p1f2_gn_210101-215012.nc,ssp119,tas,210101-215012,,True,True,True,False,True,
21,I would like to see the near-surface air temperature data for the ssp119 CO2 emissions scenario spanning from 210101 to 215012.,ssp119,tas,210101-215012,/cmip6/CMIP6/ScenarioMIP/NASA-GISS/GISS-E2-1-G/ssp119/r3i1p1f2/Amon/tas/gn/v20200115/tas_Amon_GISS-E2-1-G_ssp119_r3i1p1f2_gn_210101-215012.nc,ssp119,tas,210101-215012,,True,True,True,False,True,
23,I am interested in viewing the near-surface air temperature data associated with the ssp119 CO2 emissions scenario between 210101 and 215012.,ssp119,tas,210101-215012,/cmip6/CMIP6/ScenarioMIP/NASA-GISS/GISS-E2-1-G/ssp119/r3i1p1f2/Amon/tas/gn/v20200115/tas_Amon_GISS-E2-1-G_ssp119_r3i1p1f2_gn_210101-215012.nc,ssp119,tas,210101-215012,,True,True,True,False,True,
22,Kindly provide me with the near-surface air temperature data corresponding to the ssp119 CO2 emissions scenario for the period 210101-215012.,ssp119,tas,210101-215012,/cmip6/CMIP6/ScenarioMIP/NASA-GISS/GISS-E2-1-G/ssp119/r3i1p1f2/Amon/tas/gn/v20200115/tas_Amon_GISS-E2-1-G_ssp119_r3i1p1f2_gn_210101-215012.nc,ssp119,tas,210101-215012,,True,True,True,False,True,
24,Could you please display the near-surface air temperature data for the ssp119 CO2 emissions scenario as it pertains to the time frame from 210101 to 215012?,ssp119,tas,210101-215012,/cmip6/CMIP6/ScenarioMIP/NASA-GISS/GISS-E2-1-G/ssp119/r3i1p1f2/Amon/tas/gn/v20200115/tas_Amon_GISS-E2-1-G_ssp119_r3i1p1f2_gn_210101-215012.nc,ssp119,tas,210101-215012,,True,True,True,False,True,
25,I'm seeking the near-surface air temperature data pertaining to the ssp119 CO2 emissions scenario covering the period 210101-215012.,ssp119,tas,210101-215012,/cmip6/CMIP6/ScenarioMIP/NASA-GISS/GISS-E2-1-G/ssp119/r3i1p1f2/Amon/tas/gn/v20200115/tas_Amon_GISS-E2-1-G_ssp119_r3i1p1f2_gn_210101-215012.nc,ssp119,tas,210101-215012,,True,True,True,False,True,
26,I am requesting the near-surface air temperature data for the scenario involving ssp119 CO2 emissions for the duration 210101-215012.,ssp119,tas,210101-215012,/cmip6/CMIP6/ScenarioMIP/NASA-GISS/GISS-E2-1-G/ssp119/r3i1p1f2/Amon/tas/gn/v20200115/tas_Amon_GISS-E2-1-G_ssp119_r3i1p1f2_gn_210101-215012.nc,ssp119,tas,210101-215012,,True,True,True,False,True,
28,Provide me with the near-surface air temperature data for the ssp119 CO2 emissions scenario from 210101 to 215012.,ssp119,tas,210101-215012,/cmip6/CMIP6/ScenarioMIP/NASA-GISS/GISS-E2-1-G/ssp119/r3i1p1f2/Amon/tas/gn/v20200115/tas_Amon_GISS-E2-1-G_ssp119_r3i1p1f2_gn_210101-215012.nc,ssp119,tas,210101-215012,,True,True,True,False,True,
27,Show me the near-surface air temperature data related to the CO2 emissions scenario ssp119 for the timeframe from 210101 to 215012.,ssp119,tas,210101-215012,/cmip6/CMIP6/ScenarioMIP/NASA-GISS/GISS-E2-1-G/ssp119/r3i1p1f2/Amon/tas/gn/v20200115/tas_Amon_GISS-E2-1-G_ssp119_r3i1p1f2_gn_210101-215012.nc,ssp119,tas,210101-215012,,True,True,True,False,True,
29,I'd like to see the near-surface air temperature data for the ssp119 CO2 emissions scenario over the period 210101-215012.,ssp119,tas,210101-215012,/cmip6/CMIP6/ScenarioMIP/NASA-GISS/GISS-E2-1-G/ssp119/r3i1p1f2/Amon/tas/gn/v20200115/tas_Amon_GISS-E2-1-G_ssp119_r3i1p1f2_gn_210101-215012.nc,ssp119,tas,210101-215012,,True,True,True,False,True,
30,Show me near-surface air temperature data for a ssp119 CO2 emissions scenario for 215101-220012,ssp119,tas,215101-220012,/cmip6/CMIP6/ScenarioMIP/NASA-GISS/GISS-E2-1-G/ssp119/r3i1p1f2/Amon/tas/gn/v20200115/tas_Amon_GISS-E2-1-G_ssp119_r3i1p1f2_gn_215101-220012.nc,ssp119,tas,215101-220012,,True,True,True,False,True,
31,Can you provide me with the near-surface air temperature data corresponding to the ssp119 CO2 emissions scenario between 215101 and 220012?,ssp119,tas,215101-220012,/cmip6/CMIP6/ScenarioMIP/NASA-GISS/GISS-E2-1-G/ssp119/r3i1p1f2/Amon/tas/gn/v20200115/tas_Amon_GISS-E2-1-G_ssp119_r3i1p1f2_gn_215101-220012.nc,ssp119,tas,215101-220012,,True,True,True,False,True,
32,I would like to see the near-surface air temperature data related to the ssp119 CO2 emissions scenario for the time period 215101-220012.,ssp119,tas,215101-220012,/cmip6/CMIP6/ScenarioMIP/NASA-GISS/GISS-E2-1-G/ssp119/r3i1p1f2/Amon/tas/gn/v20200115/tas_Amon_GISS-E2-1-G_ssp119_r3i1p1f2_gn_215101-220012.nc,ssp119,tas,215101-220012,,True,True,True,False,True,
34,I am interested in examining the near-surface air temperature data for the ssp119 CO2 emissions scenario during the period 215101-220012.,ssp119,tas,215101-220012,/cmip6/CMIP6/ScenarioMIP/NASA-GISS/GISS-E2-1-G/ssp119/r3i1p1f2/Amon/tas/gn/v20200115/tas_Amon_GISS-E2-1-G_ssp119_r3i1p1f2_gn_215101-220012.nc,ssp119,tas,215101-220012,,True,True,True,False,True,
35,Kindly display the near-surface air temperature data associated with the ssp119 CO2 emissions scenario covering the years 215101 to 220012.,ssp119,tas,215101-220012,/cmip6/CMIP6/ScenarioMIP/NASA-GISS/GISS-E2-1-G/ssp119/r3i1p1f2/Amon/tas/gn/v20200115/tas_Amon_GISS-E2-1-G_ssp119_r3i1p1f2_gn_215101-220012.nc,ssp119,tas,215101-220012,,True,True,True,False,True,
36,I need to review the near-surface air temperature data linked to the ssp119 CO2 emissions scenario for the timeframe 215101-220012.,ssp119,tas,215101-220012,/cmip6/CMIP6/ScenarioMIP/NASA-GISS/GISS-E2-1-G/ssp119/r3i1p1f2/Amon/tas/gn/v20200115/tas_Amon_GISS-E2-1-G_ssp119_r3i1p1f2_gn_215101-220012.nc,ssp119,tas,215101-220012,,True,True,True,False,True,
37,"Could you present the near-surface air temperature data for the ssp119 CO2 emissions scenario, specifically for the years 215101-220012?",ssp119,tas,215101-220012,/cmip6/CMIP6/ScenarioMIP/NASA-GISS/GISS-E2-1-G/ssp119/r3i1p1f2/Amon/tas/gn/v20200115/tas_Amon_GISS-E2-1-G_ssp119_r3i1p1f2_gn_215101-220012.nc,ssp119,tas,215101-220012,,True,True,True,False,True,
33,Please show me the near-surface air temperature data for the ssp119 CO2 emissions scenario from 215101 to 220012.,ssp119,tas,215101-220012,/cmip6/CMIP6/ScenarioMIP/NASA-GISS/GISS-E2-1-G/ssp119/r3i1p1f2/Amon/tas/gn/v20200115/tas_Amon_GISS-E2-1-G_ssp119_r3i1p1f2_gn_215101-220012.nc,ssp119,tas,215101-220012,,True,True,True,False,True,
38,I would appreciate it if you could show me the near-surface air temperature data for the ssp119 CO2 emissions scenario and the period 215101-220012.,ssp119,tas,215101-220012,/cmip6/CMIP6/ScenarioMIP/NASA-GISS/GISS-E2-1-G/ssp119/r3i1p1f2/Amon/tas/gn/v20200115/tas_Amon_GISS-E2-1-G_ssp119_r3i1p1f2_gn_215101-220012.nc,ssp119,tas,215101-220012,,True,True,True,False,True,
39,Show me the near-surface air temperature data regarding the ssp119 CO2 emissions scenario and its projections for the time span 215101 to 220012.,ssp119,tas,215101-220012,/cmip6/CMIP6/ScenarioMIP/NASA-GISS/GISS-E2-1-G/ssp119/r3i1p1f2/Amon/tas/gn/v20200115/tas_Amon_GISS-E2-1-G_ssp119_r3i1p1f2_gn_215101-220012.nc,ssp119,tas,215101-220012,,True,True,True,False,True,
40,Show me near-surface air temperature data for a ssp119 CO2 emissions scenario for 220101-225012,ssp119,tas,220101-225012,/cmip6/CMIP6/ScenarioMIP/NASA-GISS/GISS-E2-1-G/ssp119/r3i1p1f2/Amon/tas/gn/v20200115/tas_Amon_GISS-E2-1-G_ssp119_r3i1p1f2_gn_220101-225012.nc,ssp119,tas,220101-225012,,True,True,True,False,True,
41,"I would like to see the near-surface air temperature data related to the ssp119 CO2 emissions scenario between 220101 and 225012, please.",ssp119,tas,220101-225012,/cmip6/CMIP6/ScenarioMIP/NASA-GISS/GISS-E2-1-G/ssp119/r3i1p1f2/Amon/tas/gn/v20200115/tas_Amon_GISS-E2-1-G_ssp119_r3i1p1f2_gn_220101-225012.nc,ssp119,tas,220101-225012,,True,True,True,False,True,
42,Could you provide me with the near-surface air temperature data corresponding to the ssp119 CO2 emissions scenario spanning from 220101 to 225012?,ssp119,tas,220101-225012,/cmip6/CMIP6/ScenarioMIP/NASA-GISS/GISS-E2-1-G/ssp119/r3i1p1f2/Amon/tas/gn/v20200115/tas_Amon_GISS-E2-1-G_ssp119_r3i1p1f2_gn_220101-225012.nc,"ERROR: HTTPConnectionPool(host='192.168.112.130', port=80): Max retries exceeded with url: /api/v1/run/b28b3af9-2779-4d13-a86a-e7235ce95b00?stream=false (Caused by NewConnectionError('<urllib3.connection.HTTPConnection object at 0x000001C872D51E80>: Failed to establish a new connection: [WinError 10061] No connection could be made because the target machine actively refused it'))",,,,False,False,False,False,False,"HTTPConnectionPool(host='192.168.112.130', port=80): Max retries exceeded with url: /api/v1/run/b28b3af9-2779-4d13-a86a-e7235ce95b00?stream=false (Caused by NewConnectionError('<urllib3.connection.HTTPConnection object at 0x000001C872D51E80>: Failed to establish a new connection: [WinError 10061] No connection could be made because the target machine actively refused it'))"
43,Please show me the near-surface air temperature data for the ssp119 CO2 emissions scenario covering the period of 220101 to 225012.,ssp119,tas,220101-225012,/cmip6/CMIP6/ScenarioMIP/NASA-GISS/GISS-E2-1-G/ssp119/r3i1p1f2/Amon/tas/gn/v20200115/tas_Amon_GISS-E2-1-G_ssp119_r3i1p1f2_gn_220101-225012.nc,"ERROR: HTTPConnectionPool(host='192.168.112.130', port=80): Max retries exceeded with url: /api/v1/run/b28b3af9-2779-4d13-a86a-e7235ce95b00?stream=false (Caused by NewConnectionError('<urllib3.connection.HTTPConnection object at 0x000001C872CD9E20>: Failed to establish a new connection: [WinError 10061] No connection could be made because the target machine actively refused it'))",,,,False,False,False,False,False,"HTTPConnectionPool(host='192.168.112.130', port=80): Max retries exceeded with url: /api/v1/run/b28b3af9-2779-4d13-a86a-e7235ce95b00?stream=false (Caused by NewConnectionError('<urllib3.connection.HTTPConnection object at 0x000001C872CD9E20>: Failed to establish a new connection: [WinError 10061] No connection could be made because the target machine actively refused it'))"
47,I am requesting the near-surface air temperature data for the 220101-225012 period under the ssp119 CO2 emissions scenario.,ssp119,tas,220101-225012,/cmip6/CMIP6/ScenarioMIP/NASA-GISS/GISS-E2-1-G/ssp119/r3i1p1f2/Amon/tas/gn/v20200115/tas_Amon_GISS-E2-1-G_ssp119_r3i1p1f2_gn_220101-225012.nc,ssp119,tas,220101-225012,,True,True,True,False,True,
45,Kindly display the near-surface air temperature data for the ssp119 CO2 emissions scenario during the interval 220101-225012.,ssp119,tas,220101-225012,/cmip6/CMIP6/ScenarioMIP/NASA-GISS/GISS-E2-1-G/ssp119/r3i1p1f2/Amon/tas/gn/v20200115/tas_Amon_GISS-E2-1-G_ssp119_r3i1p1f2_gn_220101-225012.nc,ssp119,tas,220101-225012,,True,True,True,False,True,
44,I am interested in examining the near-surface air temperature data associated with the ssp119 CO2 emissions scenario for the time frame 220101-225012.,ssp119,tas,220101-225012,/cmip6/CMIP6/ScenarioMIP/NASA-GISS/GISS-E2-1-G/ssp119/r3i1p1f2/Amon/tas/gn/v20200115/tas_Amon_GISS-E2-1-G_ssp119_r3i1p1f2_gn_220101-225012.nc,ssp119,tas,220101-225012,,True,True,True,False,True,
46,"Show me the near-surface air temperature data pertaining to the ssp119 CO2 emissions scenario from 220101 to 225012, if possible.",ssp119,tas,220101-225012,/cmip6/CMIP6/ScenarioMIP/NASA-GISS/GISS-E2-1-G/ssp119/r3i1p1f2/Amon/tas/gn/v20200115/tas_Amon_GISS-E2-1-G_ssp119_r3i1p1f2_gn_220101-225012.nc,ssp119,tas,220101-225012,,True,True,True,False,True,
51,Display the near-surface air temperature information corresponding to the ssp119 emissions scenario with CO2 for the time frame between 225101 to 230012.,ssp119,tas,225101-230012,/cmip6/CMIP6/ScenarioMIP/NASA-GISS/GISS-E2-1-G/ssp119/r3i1p1f2/Amon/tas/gn/v20200115/tas_Amon_GISS-E2-1-G_ssp119_r3i1p1f2_gn_225101-230012.nc,ssp119,tas,225101-230012,,True,True,True,False,True,
48,Could you please present the near-surface air temperature data for the ssp119 CO2 emissions scenario spanning the years 220101 to 225012?,ssp119,tas,220101-225012,/cmip6/CMIP6/ScenarioMIP/NASA-GISS/GISS-E2-1-G/ssp119/r3i1p1f2/Amon/tas/gn/v20200115/tas_Amon_GISS-E2-1-G_ssp119_r3i1p1f2_gn_220101-225012.nc,ssp119,tas,220101-225012,,True,True,True,False,True,
49,I am looking for the near-surface air temperature data corresponding to the ssp119 CO2 emissions scenario and covering the time range of 220101-225012.,ssp119,tas,220101-225012,/cmip6/CMIP6/ScenarioMIP/NASA-GISS/GISS-E2-1-G/ssp119/r3i1p1f2/Amon/tas/gn/v20200115/tas_Amon_GISS-E2-1-G_ssp119_r3i1p1f2_gn_220101-225012.nc,ssp119,tas,220101-225012,,True,True,True,False,True,
50,Show me near-surface air temperature data for a ssp119 CO2 emissions scenario for 225101-230012,ssp119,tas,225101-230012,/cmip6/CMIP6/ScenarioMIP/NASA-GISS/GISS-E2-1-G/ssp119/r3i1p1f2/Amon/tas/gn/v20200115/tas_Amon_GISS-E2-1-G_ssp119_r3i1p1f2_gn_225101-230012.nc,ssp119,tas,225101-230012,,True,True,True,False,True,
53,I request the near-surface air temperature data pertaining to the ssp119 CO2 emissions scenario covering the period of 225101 through 230012.,ssp119,tas,225101-230012,/cmip6/CMIP6/ScenarioMIP/NASA-GISS/GISS-E2-1-G/ssp119/r3i1p1f2/Amon/tas/gn/v20200115/tas_Amon_GISS-E2-1-G_ssp119_r3i1p1f2_gn_225101-230012.nc,ssp119,tas,225101-230012,,True,True,True,False,True,
54,Show me the near-surface air temperature data concerning the ssp119 CO2 emissions scenario spanning from 225101 to 230012.,ssp119,tas,225101-230012,/cmip6/CMIP6/ScenarioMIP/NASA-GISS/GISS-E2-1-G/ssp119/r3i1p1f2/Amon/tas/gn/v20200115/tas_Amon_GISS-E2-1-G_ssp119_r3i1p1f2_gn_225101-230012.nc,ssp119,tas,225101-230012,,True,True,True,False,True,
52,Share the near-surface air temperature data associated with the ssp119 CO2 emissions scenario from 225101 to 230012.,ssp119,tas,225101-230012,/cmip6/CMIP6/ScenarioMIP/NASA-GISS/GISS-E2-1-G/ssp119/r3i1p1f2/Amon/tas/gn/v20200115/tas_Amon_GISS-E2-1-G_ssp119_r3i1p1f2_gn_225101-230012.nc,ssp119,tas,225101-230012,,True,True,True,False,True,
55,Could you provide me with the near-surface air temperature readings for the ssp119 CO2 emissions scenario during 225101-230012?,ssp119,tas,225101-230012,/cmip6/CMIP6/ScenarioMIP/NASA-GISS/GISS-E2-1-G/ssp119/r3i1p1f2/Amon/tas/gn/v20200115/tas_Amon_GISS-E2-1-G_ssp119_r3i1p1f2_gn_225101-230012.nc,ssp119,tas,225101-230012,,True,True,True,False,True,
56,I am interested in viewing the near-surface air temperature data related to the ssp119 CO2 emissions scenario for the period 225101 to 230012.,ssp119,tas,225101-230012,/cmip6/CMIP6/ScenarioMIP/NASA-GISS/GISS-E2-1-G/ssp119/r3i1p1f2/Amon/tas/gn/v20200115/tas_Amon_GISS-E2-1-G_ssp119_r3i1p1f2_gn_225101-230012.nc,ssp119,tas,225101-230012,,True,True,True,False,True,
57,Kindly present the near-surface air temperature data for the ssp119 CO2 emissions scenario representing the timeframe 225101-230012.,ssp119,tas,225101-230012,/cmip6/CMIP6/ScenarioMIP/NASA-GISS/GISS-E2-1-G/ssp119/r3i1p1f2/Amon/tas/gn/v20200115/tas_Amon_GISS-E2-1-G_ssp119_r3i1p1f2_gn_225101-230012.nc,ssp119,tas,225101-230012,,True,True,True,False,True,
58,Display the near-surface air temperature records linked to the ssp119 CO2 emissions scenario for the period 225101-230012.,ssp119,tas,225101-230012,/cmip6/CMIP6/ScenarioMIP/NASA-GISS/GISS-E2-1-G/ssp119/r3i1p1f2/Amon/tas/gn/v20200115/tas_Amon_GISS-E2-1-G_ssp119_r3i1p1f2_gn_225101-230012.nc,ssp119,tas,225101-230012,,True,True,True,False,True,
59,I would like to see the near-surface air temperature data for the ssp119 CO2 emissions scenario throughout the time period of 225101-230012.,ssp119,tas,225101-230012,/cmip6/CMIP6/ScenarioMIP/NASA-GISS/GISS-E2-1-G/ssp119/r3i1p1f2/Amon/tas/gn/v20200115/tas_Amon_GISS-E2-1-G_ssp119_r3i1p1f2_gn_225101-230012.nc,ssp119,tas,225101-230012,,True,True,True,False,True,
60,Show me near-surface air temperature data for a ssp119 CO2 emissions scenario for 230101-235012,ssp119,tas,230101-235012,/cmip6/CMIP6/ScenarioMIP/NASA-GISS/GISS-E2-1-G/ssp119/r3i1p1f2/Amon/tas/gn/v20200115/tas_Amon_GISS-E2-1-G_ssp119_r3i1p1f2_gn_230101-235012.nc,ssp119,tas,230101-235012,,True,True,True,False,True,
61,I would like to view the near-surface air temperature data corresponding to the ssp119 CO2 emissions scenario between 230101 and 235012.,ssp119,tas,230101-235012,/cmip6/CMIP6/ScenarioMIP/NASA-GISS/GISS-E2-1-G/ssp119/r3i1p1f2/Amon/tas/gn/v20200115/tas_Amon_GISS-E2-1-G_ssp119_r3i1p1f2_gn_230101-235012.nc,ssp119,tas,230101-235012,,True,True,True,False,True,
62,Please provide me with the near-surface air temperature data related to the ssp119 CO2 emissions scenario for the time frame 230101 to 235012.,ssp119,tas,230101-235012,/cmip6/CMIP6/ScenarioMIP/NASA-GISS/GISS-E2-1-G/ssp119/r3i1p1f2/Amon/tas/gn/v20200115/tas_Amon_GISS-E2-1-G_ssp119_r3i1p1f2_gn_230101-235012.nc,ssp119,tas,230101-235012,,True,True,True,False,True,
63,Display the near-surface air temperature data associated with the ssp119 CO2 emissions scenario spanning from 230101 to 235012.,ssp119,tas,230101-235012,/cmip6/CMIP6/ScenarioMIP/NASA-GISS/GISS-E2-1-G/ssp119/r3i1p1f2/Amon/tas/gn/v20200115/tas_Amon_GISS-E2-1-G_ssp119_r3i1p1f2_gn_230101-235012.nc,ssp119,tas,230101-235012,,True,True,True,False,True,
64,I am interested in examining the near-surface air temperature data for the ssp119 CO2 emissions scenario projected for the period 230101 to 235012.,ssp119,tas,230101-235012,/cmip6/CMIP6/ScenarioMIP/NASA-GISS/GISS-E2-1-G/ssp119/r3i1p1f2/Amon/tas/gn/v20200115/tas_Amon_GISS-E2-1-G_ssp119_r3i1p1f2_gn_230101-235012.nc,ssp119,tas,230101-235012,,True,True,True,False,True,
66,I would appreciate it if you could present me with data on near-surface air temperature pertaining to the ssp119 CO2 emissions scenario for the period 230101 to 235012.,ssp119,tas,230101-235012,/cmip6/CMIP6/ScenarioMIP/NASA-GISS/GISS-E2-1-G/ssp119/r3i1p1f2/Amon/tas/gn/v20200115/tas_Amon_GISS-E2-1-G_ssp119_r3i1p1f2_gn_230101-235012.nc,ssp119,tas,230101-235012,,True,True,True,False,True,
65,Could you show me the near-surface air temperature data attributed to the ssp119 CO2 emissions scenario covering the time range 230101-235012?,ssp119,tas,230101-235012,/cmip6/CMIP6/ScenarioMIP/NASA-GISS/GISS-E2-1-G/ssp119/r3i1p1f2/Amon/tas/gn/v20200115/tas_Amon_GISS-E2-1-G_ssp119_r3i1p1f2_gn_230101-235012.nc,ssp119,tas,230101-235012,,True,True,True,False,True,
67,I am seeking information on near-surface air temperature data for the ssp119 CO2 emissions scenario from 230101 to 235012.,ssp119,tas,230101-235012,/cmip6/CMIP6/ScenarioMIP/NASA-GISS/GISS-E2-1-G/ssp119/r3i1p1f2/Amon/tas/gn/v20200115/tas_Amon_GISS-E2-1-G_ssp119_r3i1p1f2_gn_230101-235012.nc,ssp119,tas,230101-235012,,True,True,True,False,True,
68,Show me the near-surface air temperature data corresponding to the ssp119 CO2 emissions scenario during the period 230101-235012.,ssp119,tas,230101-235012,/cmip6/CMIP6/ScenarioMIP/NASA-GISS/GISS-E2-1-G/ssp119/r3i1p1f2/Amon/tas/gn/v20200115/tas_Amon_GISS-E2-1-G_ssp119_r3i1p1f2_gn_230101-235012.nc,ssp119,tas,230101-235012,,True,True,True,False,True,
69,I request access to the near-surface air temperature data linked to the ssp119 CO2 emissions scenario for the timeframe 230101-235012.,ssp119,tas,230101-235012,/cmip6/CMIP6/ScenarioMIP/NASA-GISS/GISS-E2-1-G/ssp119/r3i1p1f2/Amon/tas/gn/v20200115/tas_Amon_GISS-E2-1-G_ssp119_r3i1p1f2_gn_230101-235012.nc,ssp119,tas,230101-235012,,True,True,True,False,True,
70,Show me near-surface air temperature data for a ssp119 CO2 emissions scenario for 235101-240012,ssp119,tas,235101-240012,/cmip6/CMIP6/ScenarioMIP/NASA-GISS/GISS-E2-1-G/ssp119/r3i1p1f2/Amon/tas/gn/v20200115/tas_Amon_GISS-E2-1-G_ssp119_r3i1p1f2_gn_235101-240012.nc,ssp119,tas,235101-240012,,True,True,True,False,True,
71,I would like to see the near-surface air temperature data pertaining to the ssp119 CO2 emissions scenario during the time frame from 235101 to 240012.,ssp119,tas,235101-240012,/cmip6/CMIP6/ScenarioMIP/NASA-GISS/GISS-E2-1-G/ssp119/r3i1p1f2/Amon/tas/gn/v20200115/tas_Amon_GISS-E2-1-G_ssp119_r3i1p1f2_gn_235101-240012.nc,ssp119,tas,235101-240012,,True,True,True,False,True,
72,Can you display the near-surface air temperature data for the ssp119 CO2 emissions scenario between 235101 and 240012?,ssp119,tas,235101-240012,/cmip6/CMIP6/ScenarioMIP/NASA-GISS/GISS-E2-1-G/ssp119/r3i1p1f2/Amon/tas/gn/v20200115/tas_Amon_GISS-E2-1-G_ssp119_r3i1p1f2_gn_235101-240012.nc,ssp119,tas,235101-240012,,True,True,True,False,True,
73,Kindly present the near-surface air temperature data related to the ssp119 CO2 emissions scenario covering the period 235101-240012.,ssp119,tas,235101-240012,/cmip6/CMIP6/ScenarioMIP/NASA-GISS/GISS-E2-1-G/ssp119/r3i1p1f2/Amon/tas/gn/v20200115/tas_Amon_GISS-E2-1-G_ssp119_r3i1p1f2_gn_235101-240012.nc,ssp119,tas,235101-240012,,True,True,True,False,True,
74,Could you show me the near-surface air temperature data associated with the ssp119 CO2 emissions scenario from 235101 to 240012?,ssp119,tas,235101-240012,/cmip6/CMIP6/ScenarioMIP/NASA-GISS/GISS-E2-1-G/ssp119/r3i1p1f2/Amon/tas/gn/v20200115/tas_Amon_GISS-E2-1-G_ssp119_r3i1p1f2_gn_235101-240012.nc,ssp119,tas,235101-240012,,True,True,True,False,True,
75,I am interested in viewing the near-surface air temperature data for the ssp119 CO2 emissions scenario within the time range of 235101-240012.,ssp119,tas,235101-240012,/cmip6/CMIP6/ScenarioMIP/NASA-GISS/GISS-E2-1-G/ssp119/r3i1p1f2/Amon/tas/gn/v20200115/tas_Amon_GISS-E2-1-G_ssp119_r3i1p1f2_gn_235101-240012.nc,ssp119,tas,235101-240012,,True,True,True,False,True,
76,Please provide me with the near-surface air temperature data for the ssp119 CO2 emissions scenario for the time period 235101-240012.,ssp119,tas,235101-240012,/cmip6/CMIP6/ScenarioMIP/NASA-GISS/GISS-E2-1-G/ssp119/r3i1p1f2/Amon/tas/gn/v20200115/tas_Amon_GISS-E2-1-G_ssp119_r3i1p1f2_gn_235101-240012.nc,ssp119,tas,235101-240012,,True,True,True,False,True,
77,I am looking for the near-surface air temperature data corresponding to the ssp119 CO2 emissions scenario during 235101-240012.,ssp119,tas,235101-240012,/cmip6/CMIP6/ScenarioMIP/NASA-GISS/GISS-E2-1-G/ssp119/r3i1p1f2/Amon/tas/gn/v20200115/tas_Amon_GISS-E2-1-G_ssp119_r3i1p1f2_gn_235101-240012.nc,ssp119,tas,235101-240012,,True,True,True,False,True,
78,Kindly show the near-surface air temperature data for the ssp119 CO2 emissions scenario for the timeframe 235101-240012.,ssp119,tas,235101-240012,/cmip6/CMIP6/ScenarioMIP/NASA-GISS/GISS-E2-1-G/ssp119/r3i1p1f2/Amon/tas/gn/v20200115/tas_Amon_GISS-E2-1-G_ssp119_r3i1p1f2_gn_235101-240012.nc,ssp119,tas,235101-240012,,True,True,True,False,True,
79,Can you display the near-surface air temperature data for the ssp119 CO2 emissions scenario covering the range 235101-240012?,ssp119,tas,235101-240012,/cmip6/CMIP6/ScenarioMIP/NASA-GISS/GISS-E2-1-G/ssp119/r3i1p1f2/Amon/tas/gn/v20200115/tas_Amon_GISS-E2-1-G_ssp119_r3i1p1f2_gn_235101-240012.nc,ssp119,tas,235101-240012,,True,True,True,False,True,
80,Show me near-surface air temperature data for a ssp119 CO2 emissions scenario for 240101-245012,ssp119,tas,240101-245012,/cmip6/CMIP6/ScenarioMIP/NASA-GISS/GISS-E2-1-G/ssp119/r3i1p1f2/Amon/tas/gn/v20200115/tas_Amon_GISS-E2-1-G_ssp119_r3i1p1f2_gn_240101-245012.nc,ssp119,tas,240101-245012,,True,True,True,False,True,
83,Could you provide me with the near-surface air temperature data corresponding to the ssp119 CO2 emissions scenario spanning 240101 to 245012?,ssp119,tas,240101-245012,/cmip6/CMIP6/ScenarioMIP/NASA-GISS/GISS-E2-1-G/ssp119/r3i1p1f2/Amon/tas/gn/v20200115/tas_Amon_GISS-E2-1-G_ssp119_r3i1p1f2_gn_240101-245012.nc,ssp119,tas,240101-245012,,True,True,True,False,True,
81,"I'd like to see the near-surface air temperature data for the ssp119 CO2 emissions scenario covering the time period from 240101 to 245012, please.",ssp119,tas,240101-245012,/cmip6/CMIP6/ScenarioMIP/NASA-GISS/GISS-E2-1-G/ssp119/r3i1p1f2/Amon/tas/gn/v20200115/tas_Amon_GISS-E2-1-G_ssp119_r3i1p1f2_gn_240101-245012.nc,ssp119,tas,240101-245012,,True,True,True,False,True,
82,Display the near-surface air temperature data related to the ssp119 CO2 emissions scenario from 240101 to 245012.,ssp119,tas,240101-245012,/cmip6/CMIP6/ScenarioMIP/NASA-GISS/GISS-E2-1-G/ssp119/r3i1p1f2/Amon/tas/gn/v20200115/tas_Amon_GISS-E2-1-G_ssp119_r3i1p1f2_gn_240101-245012.nc,ssp119,tas,240101-245012,,True,True,True,False,True,
84,I am interested in viewing the near-surface air temperature data for the ssp119 CO2 emissions scenario during the 240101-245012 timeframe.,ssp119,tas,240101-245012,/cmip6/CMIP6/ScenarioMIP/NASA-GISS/GISS-E2-1-G/ssp119/r3i1p1f2/Amon/tas/gn/v20200115/tas_Amon_GISS-E2-1-G_ssp119_r3i1p1f2_gn_240101-245012.nc,ssp119,tas,240101-245012,,True,True,True,False,True,
85,Show me the near-surface air temperature data pertaining to the ssp119 CO2 emissions scenario for the years 240101 to 245012.,ssp119,tas,240101-245012,/cmip6/CMIP6/ScenarioMIP/NASA-GISS/GISS-E2-1-G/ssp119/r3i1p1f2/Amon/tas/gn/v20200115/tas_Amon_GISS-E2-1-G_ssp119_r3i1p1f2_gn_240101-245012.nc,ssp119,tas,240101-245012,,True,True,True,False,True,
86,I would like to access the near-surface air temperature data associated with the ssp119 CO2 emissions scenario for the period 240101-245012.,ssp119,tas,240101-245012,/cmip6/CMIP6/ScenarioMIP/NASA-GISS/GISS-E2-1-G/ssp119/r3i1p1f2/Amon/tas/gn/v20200115/tas_Amon_GISS-E2-1-G_ssp119_r3i1p1f2_gn_240101-245012.nc,ssp119,tas,240101-245012,,True,True,True,False,True,
87,Please present the near-surface air temperature data for the ssp119 CO2 emissions scenario covering the time range from 240101 to 245012.,ssp119,tas,240101-245012,/cmip6/CMIP6/ScenarioMIP/NASA-GISS/GISS-E2-1-G/ssp119/r3i1p1f2/Amon/tas/gn/v20200115/tas_Amon_GISS-E2-1-G_ssp119_r3i1p1f2_gn_240101-245012.nc,ssp119,tas,240101-245012,,True,True,True,False,True,
88,I request the near-surface air temperature data related to the ssp119 CO2 emissions scenario for the duration 240101-245012.,ssp119,tas,240101-245012,/cmip6/CMIP6/ScenarioMIP/NASA-GISS/GISS-E2-1-G/ssp119/r3i1p1f2/Amon/tas/gn/v20200115/tas_Amon_GISS-E2-1-G_ssp119_r3i1p1f2_gn_240101-245012.nc,"ERROR: HTTPConnectionPool(host='192.168.112.130', port=80): Max retries exceeded with url: /api/v1/run/b28b3af9-2779-4d13-a86a-e7235ce95b00?stream=false (Caused by NewConnectionError('<urllib3.connection.HTTPConnection object at 0x000001C872CFF320>: Failed to establish a new connection: [WinError 10061] No connection could be made because the target machine actively refused it'))",,,,False,False,False,False,False,"HTTPConnectionPool(host='192.168.112.130', port=80): Max retries exceeded with url: /api/v1/run/b28b3af9-2779-4d13-a86a-e7235ce95b00?stream=false (Caused by NewConnectionError('<urllib3.connection.HTTPConnection object at 0x000001C872CFF320>: Failed to establish a new connection: [WinError 10061] No connection could be made because the target machine actively refused it'))"
89,Kindly show me the near-surface air temperature data for the ssp119 CO2 emissions scenario from 240101 to 245012.,ssp119,tas,240101-245012,/cmip6/CMIP6/ScenarioMIP/NASA-GISS/GISS-E2-1-G/ssp119/r3i1p1f2/Amon/tas/gn/v20200115/tas_Amon_GISS-E2-1-G_ssp119_r3i1p1f2_gn_240101-245012.nc,ssp119,tas,240101-245012,,True,True,True,False,True,
90,Show me near-surface air temperature data for a ssp119 CO2 emissions scenario for 245101-250012,ssp119,tas,245101-250012,/cmip6/CMIP6/ScenarioMIP/NASA-GISS/GISS-E2-1-G/ssp119/r3i1p1f2/Amon/tas/gn/v20200115/tas_Amon_GISS-E2-1-G_ssp119_r3i1p1f2_gn_245101-250012.nc,"ERROR: HTTPConnectionPool(host='192.168.112.130', port=80): Max retries exceeded with url: /api/v1/run/b28b3af9-2779-4d13-a86a-e7235ce95b00?stream=false (Caused by NewConnectionError('<urllib3.connection.HTTPConnection object at 0x000001C872CFF050>: Failed to establish a new connection: [WinError 10061] No connection could be made because the target machine actively refused it'))",,,,False,False,False,False,False,"HTTPConnectionPool(host='192.168.112.130', port=80): Max retries exceeded with url: /api/v1/run/b28b3af9-2779-4d13-a86a-e7235ce95b00?stream=false (Caused by NewConnectionError('<urllib3.connection.HTTPConnection object at 0x000001C872CFF050>: Failed to establish a new connection: [WinError 10061] No connection could be made because the target machine actively refused it'))"
91,I would like to see the near-surface air temperature data for a ssp119 CO2 emissions scenario spanning from 245101 to 250012,ssp119,tas,245101-250012,/cmip6/CMIP6/ScenarioMIP/NASA-GISS/GISS-E2-1-G/ssp119/r3i1p1f2/Amon/tas/gn/v20200115/tas_Amon_GISS-E2-1-G_ssp119_r3i1p1f2_gn_245101-250012.nc,"ERROR: HTTPConnectionPool(host='192.168.112.130', port=80): Max retries exceeded with url: /api/v1/run/b28b3af9-2779-4d13-a86a-e7235ce95b00?stream=false (Caused by NewConnectionError('<urllib3.connection.HTTPConnection object at 0x000001C872BD34D0>: Failed to establish a new connection: [WinError 10061] No connection could be made because the target machine actively refused it'))",,,,False,False,False,False,False,"HTTPConnectionPool(host='192.168.112.130', port=80): Max retries exceeded with url: /api/v1/run/b28b3af9-2779-4d13-a86a-e7235ce95b00?stream=false (Caused by NewConnectionError('<urllib3.connection.HTTPConnection object at 0x000001C872BD34D0>: Failed to establish a new connection: [WinError 10061] No connection could be made because the target machine actively refused it'))"
94,I'm looking for the near-surface air temperature data concerning the ssp119 CO2 emissions scenario for the period between 245101 and 250012,ssp119,tas,245101-250012,/cmip6/CMIP6/ScenarioMIP/NASA-GISS/GISS-E2-1-G/ssp119/r3i1p1f2/Amon/tas/gn/v20200115/tas_Amon_GISS-E2-1-G_ssp119_r3i1p1f2_gn_245101-250012.nc,ssp119,tas,245101-250012,,True,True,True,False,True,
92,I'm interested in the near-surface air temperature data related to the ssp119 CO2 emissions scenario covering the timeframe from 245101 to 250012,ssp119,tas,245101-250012,/cmip6/CMIP6/ScenarioMIP/NASA-GISS/GISS-E2-1-G/ssp119/r3i1p1f2/Amon/tas/gn/v20200115/tas_Amon_GISS-E2-1-G_ssp119_r3i1p1f2_gn_245101-250012.nc,ssp119,tas,245101-250012,,True,True,True,False,True,
95,Kindly show me the near-surface air temperature data for the ssp119 CO2 emissions scenario for the range 245101-250012,ssp119,tas,245101-250012,/cmip6/CMIP6/ScenarioMIP/NASA-GISS/GISS-E2-1-G/ssp119/r3i1p1f2/Amon/tas/gn/v20200115/tas_Amon_GISS-E2-1-G_ssp119_r3i1p1f2_gn_245101-250012.nc,ssp119,tas,245101-250012,,True,True,True,False,True,
93,Could you please provide me with the near-surface air temperature data pertaining to the ssp119 CO2 emissions scenario during the period from 245101 to 250012,ssp119,tas,245101-250012,/cmip6/CMIP6/ScenarioMIP/NASA-GISS/GISS-E2-1-G/ssp119/r3i1p1f2/Amon/tas/gn/v20200115/tas_Amon_GISS-E2-1-G_ssp119_r3i1p1f2_gn_245101-250012.nc,ssp119,tas,245101-250012,,True,True,True,False,True,
96,Display the near-surface air temperature data associated with the ssp119 CO2 emissions scenario from 245101 to 250012,ssp119,tas,245101-250012,/cmip6/CMIP6/ScenarioMIP/NASA-GISS/GISS-E2-1-G/ssp119/r3i1p1f2/Amon/tas/gn/v20200115/tas_Amon_GISS-E2-1-G_ssp119_r3i1p1f2_gn_245101-250012.nc,ssp119,tas,245101-250012,,True,True,True,False,True,
97,I want to examine the near-surface air temperature data for the ssp119 CO2 emissions scenario covering the time span 245101-250012,ssp119,tas,245101-250012,/cmip6/CMIP6/ScenarioMIP/NASA-GISS/GISS-E2-1-G/ssp119/r3i1p1f2/Amon/tas/gn/v20200115/tas_Amon_GISS-E2-1-G_ssp119_r3i1p1f2_gn_245101-250012.nc,ssp119,tas,245101-250012,,True,True,True,False,True,
98,I am seeking the near-surface air temperature data for the ssp119 CO2 emissions scenario within the timeframe 245101-250012,ssp119,tas,245101-250012,/cmip6/CMIP6/ScenarioMIP/NASA-GISS/GISS-E2-1-G/ssp119/r3i1p1f2/Amon/tas/gn/v20200115/tas_Amon_GISS-E2-1-G_ssp119_r3i1p1f2_gn_245101-250012.nc,ssp119,tas,245101-250012,,True,True,True,False,True,
99,Please present me with the near-surface air temperature data for the ssp119 CO2 emissions scenario for the interval 245101-250012,ssp119,tas,245101-250012,/cmip6/CMIP6/ScenarioMIP/NASA-GISS/GISS-E2-1-G/ssp119/r3i1p1f2/Amon/tas/gn/v20200115/tas_Amon_GISS-E2-1-G_ssp119_r3i1p1f2_gn_245101-250012.nc,ssp119,tas,245101-250012,,True,True,True,False,True,
